{
  "project_info": {
    "project_number": "761553862896",
    "firebase_url": "https://classified-new-flutter-default-rtdb.firebaseio.com",
    "project_id": "classified-new-flutter",
    "storage_bucket": "classified-new-flutter.appspot.com"
  },
  "client": [
    {
      "client_info": {
        "mobilesdk_app_id": "1:761553862896:android:bd1219193d9be62ebb4235",
        "android_client_info": {
          "package_name": "com.classifiedflutter.androidapp"
        }
      },
      "oauth_client": [
        {
          "client_id": "761553862896-an7jit6c9kf5bt3455s13s1qhe3pbh85.apps.googleusercontent.com",
          "client_type": 1,
          "android_info": {
            "package_name": "com.classifiedflutter.androidapp",
            "certificate_hash": "3c7c10a70a1c6927b6e349b99805a23cfc4bcec3"
          }
        },
        {
          "client_id": "761553862896-b9huvd9k3qt84mngekb7fapgpq77p9sl.apps.googleusercontent.com",
          "client_type": 1,
          "android_info": {
            "package_name": "com.classifiedflutter.androidapp",
            "certificate_hash": "4f66d6fbbdb087f6a262b41c6c72f0af7a52b9f5"
          }
        },
        {
          "client_id": "761553862896-c8loql9hc3p6hqrbbhjeuf5m44ke0tgj.apps.googleusercontent.com",
          "client_type": 1,
          "android_info": {
            "package_name": "com.classifiedflutter.androidapp",
            "certificate_hash": "d402db7e544c828d4a77cd2b3cee4f7a59f522c4"
          }
        },
        {
          "client_id": "761553862896-dqmdkik702lc7f4o3v7e6ei313kpahev.apps.googleusercontent.com",
          "client_type": 1,
          "android_info": {
            "package_name": "com.classifiedflutter.androidapp",
            "certificate_hash": "9e7e82b64981758fd794860b6ffe00d025e39a5d"
          }
        },
        {
          "client_id": "761553862896-ih98uoc6f583nkvg28oib725e0qacvce.apps.googleusercontent.com",
          "client_type": 1,
          "android_info": {
            "package_name": "com.classifiedflutter.androidapp",
            "certificate_hash": "65ee9a07bc8d8facea7a817659ec20f8b4a5e6ba"
          }
        },
        {
          "client_id": "761553862896-pdl9ivjhhsrg8bcnq9871u05p9mma36r.apps.googleusercontent.com",
          "client_type": 1,
          "android_info": {
            "package_name": "com.classifiedflutter.androidapp",
            "certificate_hash": "86a3294378022fc3599fd93700c951320e67c306"
          }
        },
        {
          "client_id": "761553862896-pt3po9j7avigba6hr1d5b5hkfclpf0cn.apps.googleusercontent.com",
          "client_type": 1,
          "android_info": {
            "package_name": "com.classifiedflutter.androidapp",
            "certificate_hash": "e0707b7d4929f872b7ad11ef199a6be199556272"
          }
        },
        {
          "client_id": "761553862896-qgp9a1h7nqj0a7ettghhg18g5cmmk07v.apps.googleusercontent.com",
          "client_type": 1,
          "android_info": {
            "package_name": "com.classifiedflutter.androidapp",
            "certificate_hash": "6ca201f4313c272c36712f24c23e0e83c6b20359"
          }
        },
        {
          "client_id": "761553862896-ukttjiqots8ie7l6439uiv9i48f9tjc4.apps.googleusercontent.com",
          "client_type": 1,
          "android_info": {
            "package_name": "com.classifiedflutter.androidapp",
            "certificate_hash": "bc73651c09ea6a0163ae41ed608f49651b5375f2"
          }
        },
        {
          "client_id": "761553862896-teb718tbhvm110kapj7s80ng53rijt4n.apps.googleusercontent.com",
          "client_type": 3
        }
      ],
      "api_key": [
        {
          "current_key": "AIzaSyCwwb3tyv0OZbOLuN-ifUt_mnJkXzVe0Rc"
        }
      ],
      "services": {
        "appinvite_service": {
          "other_platform_oauth_client": [
            {
              "client_id": "761553862896-4hilbf8tvt8m6k9d5m17q7g2gdnh6jua.apps.googleusercontent.com",
              "client_type": 3
            },
            {
              "client_id": "761553862896-7su3mt9rvqv3nkiu8u7f7copmln79ccm.apps.googleusercontent.com",
              "client_type": 2,
              "ios_info": {
                "bundle_id": "com.classifiedflutter.iosapp"
              }
            }
          ]
        }
      }
    },
    {
      "client_info": {
        "mobilesdk_app_id": "1:761553862896:android:a6ec9126af677d0dbb4235",
        "android_client_info": {
          "package_name": "com.purple.vpn"
        }
      },
      "oauth_client": [
        {
          "client_id": "761553862896-teb718tbhvm110kapj7s80ng53rijt4n.apps.googleusercontent.com",
          "client_type": 3
        }
      ],
      "api_key": [
        {
          "current_key": "AIzaSyCwwb3tyv0OZbOLuN-ifUt_mnJkXzVe0Rc"
        }
      ],
      "services": {
        "appinvite_service": {
          "other_platform_oauth_client": [
            {
              "client_id": "761553862896-4hilbf8tvt8m6k9d5m17q7g2gdnh6jua.apps.googleusercontent.com",
              "client_type": 3
            },
            {
              "client_id": "761553862896-7su3mt9rvqv3nkiu8u7f7copmln79ccm.apps.googleusercontent.com",
              "client_type": 2,
              "ios_info": {
                "bundle_id": "com.classifiedflutter.iosapp"
              }
            }
          ]
        }
      }
    }
  ],
  "configuration_version": "1"
}