{
    "project_info": {
        "project_number": "212639165124",
        "firebase_url": "https://ndvpn-flutter-default-rtdb.firebaseio.com",
        "project_id": "ndvpn-flutter",
        "storage_bucket": "ndvpn-flutter.appspot.com"
    },
    "client": [
        {
            "client_info": {
                "mobilesdk_app_id": "1:212639165124:android:fb0e2bcba9cc69c495b791",
                "android_client_info": {
                    "package_name": "com.ndvpn.app"
                }
            },
            "oauth_client": [
                {
                    "client_id": "212639165124-okjk6jrivtm8btuuo6h4eldnl3gcavnh.apps.googleusercontent.com",
                    "client_type": 1,
                    "android_info": {
                        "package_name": "com.ndvpn.app",
                        "certificate_hash": "e0707b7d4929f872b7ad11ef199a6be199556272"
                    }
                },
                {
                    "client_id": "212639165124-iajl3n7edv2v3hnfsrivgpqc8a904kc4.apps.googleusercontent.com",
                    "client_type": 3
                }
            ],
            "api_key": [
                {
                    "current_key": "AIzaSyAJJBafyww8kMnJ32TZ2Ok0i6IXTE0PTWs"
                }
            ],
            "services": {
                "appinvite_service": {
                    "other_platform_oauth_client": [
                        {
                            "client_id": "212639165124-iajl3n7edv2v3hnfsrivgpqc8a904kc4.apps.googleusercontent.com",
                            "client_type": 3
                        },
                        {
                            "client_id": "212639165124-jv52buhcmn0h1poahb2hjeqs7oednqct.apps.googleusercontent.com",
                            "client_type": 2,
                            "ios_info": {
                                "bundle_id": "com.ndvpn.ios.app"
                            }
                        }
                    ]
                }
            }
        }
    ],
    "configuration_version": "1"
}