{"nm":"all","mn":"","layers":[{"ty":4,"nm":"o 2","mn":"","sr":1,"st":0,"op":320,"ip":320,"hd":false,"cl":"","ln":"","ddd":0,"bm":0,"tt":0,"hasMask":false,"td":0,"ao":0,"ks":{"a":{"a":0,"k":[6.938,8.619,0],"ix":1},"s":{"a":1,"k":[{"o":{"x":0.892,"y":0.412},"i":{"x":0.846,"y":1},"s":[101.358,101.358,100],"t":0},{"o":{"x":0.072,"y":0},"i":{"x":0.452,"y":0.897},"s":[158.037,158.037,100],"t":27},{"o":{"x":1,"y":-0.19},"i":{"x":0.931,"y":1},"s":[79.037,79.037,100],"t":119},{"o":{"x":0.072,"y":0},"i":{"x":0.833,"y":1},"s":[158.037,158.037,100],"t":212},{"o":{"x":0.429,"y":0},"i":{"x":0.868,"y":0.747},"s":[79.037,79.037,100],"t":276},{"o":{"x":0.167,"y":0.167},"i":{"x":0.833,"y":0.833},"s":[101.358,101.358,100],"t":320}],"ix":6},"sk":{"a":0,"k":0},"p":{"a":0,"k":[82.051,30.127,0],"ix":2},"sa":{"a":0,"k":0},"o":{"a":0,"k":100,"ix":11},"r":{"a":0,"k":0,"ix":10}},"ef":[],"shapes":[{"ty":"sh","bm":0,"cl":"","ln":"","hd":false,"mn":"ADBE Vector Shape - Group","nm":"Path 1","ix":1,"d":1,"ks":{"a":0,"k":{"c":true,"i":[[0,0],[-0.124,-0.613],[0,0],[-1.427,-0.561],[0,0],[0.485,-0.189],[0,0],[0.402,-1.988],[0,0],[0.122,0.615],[0,0],[1.427,0.56],[0,0],[-0.486,0.189],[0,0],[-0.402,1.991]],"o":[[0.122,-0.613],[0,0],[0.402,1.991],[0,0],[0.485,0.189],[0,0],[-1.427,0.56],[0,0],[-0.124,0.615],[0,0],[-0.402,-1.988],[0,0],[-0.486,-0.189],[0,0],[1.427,-0.561],[0,0]],"v":[[6.375,0.863],[7.501,0.863],[7.952,3.099],[10.897,7.203],[13.14,8.084],[13.14,9.152],[10.897,10.033],[7.952,14.136],[7.501,16.373],[6.375,16.373],[5.921,14.136],[2.978,10.033],[0.736,9.152],[0.736,8.084],[2.978,7.203],[5.921,3.099]]},"ix":2}},{"ty":"fl","bm":0,"cl":"","ln":"","hd":false,"mn":"ADBE Vector Graphic - Fill","nm":"Fill 1","c":{"a":0,"k":[0.5373,0.5373,0.5373],"ix":4},"r":1,"o":{"a":0,"k":100,"ix":5}}],"ind":0},{"ty":4,"nm":"o","mn":"","sr":1,"st":0,"op":320,"ip":320,"hd":false,"cl":"","ln":"","ddd":0,"bm":0,"tt":0,"hasMask":false,"td":0,"ao":0,"ks":{"a":{"a":0,"k":[6.938,8.619,0],"ix":1},"s":{"a":1,"k":[{"o":{"x":0.735,"y":0.516},"i":{"x":0.752,"y":1},"s":[122.466,122.466,100],"t":0},{"o":{"x":0.072,"y":0},"i":{"x":0.435,"y":1},"s":[158.037,158.037,100],"t":12},{"o":{"x":1,"y":0},"i":{"x":0.931,"y":1},"s":[79.037,79.037,100],"t":104},{"o":{"x":0.072,"y":0},"i":{"x":0.596,"y":1},"s":[158.037,158.037,100],"t":197},{"o":{"x":0.612,"y":0},"i":{"x":0.876,"y":0.642},"s":[79.037,79.037,100],"t":260},{"o":{"x":0.167,"y":0.167},"i":{"x":0.833,"y":0.833},"s":[122.466,122.466,100],"t":320}],"ix":6},"sk":{"a":0,"k":0},"p":{"a":0,"k":[62.051,58.627,0],"ix":2},"sa":{"a":0,"k":0},"o":{"a":0,"k":100,"ix":11},"r":{"a":0,"k":0,"ix":10}},"ef":[],"shapes":[{"ty":"sh","bm":0,"cl":"","ln":"","hd":false,"mn":"ADBE Vector Shape - Group","nm":"Path 1","ix":1,"d":1,"ks":{"a":0,"k":{"c":true,"i":[[0,0],[-0.124,-0.613],[0,0],[-1.427,-0.561],[0,0],[0.485,-0.189],[0,0],[0.402,-1.988],[0,0],[0.122,0.615],[0,0],[1.427,0.56],[0,0],[-0.486,0.189],[0,0],[-0.402,1.991]],"o":[[0.122,-0.613],[0,0],[0.402,1.991],[0,0],[0.485,0.189],[0,0],[-1.427,0.56],[0,0],[-0.124,0.615],[0,0],[-0.402,-1.988],[0,0],[-0.486,-0.189],[0,0],[1.427,-0.561],[0,0]],"v":[[6.375,0.863],[7.501,0.863],[7.952,3.099],[10.897,7.203],[13.14,8.084],[13.14,9.152],[10.897,10.033],[7.952,14.136],[7.501,16.373],[6.375,16.373],[5.921,14.136],[2.978,10.033],[0.736,9.152],[0.736,8.084],[2.978,7.203],[5.921,3.099]]},"ix":2}},{"ty":"fl","bm":0,"cl":"","ln":"","hd":false,"mn":"ADBE Vector Graphic - Fill","nm":"Fill 1","c":{"a":0,"k":[0.7765,0.7765,0.7765],"ix":4},"r":1,"o":{"a":0,"k":100,"ix":5}}],"ind":1},{"ty":4,"nm":"O 2","mn":"","sr":1,"st":0,"op":320,"ip":320,"hd":false,"cl":"","ln":"","ddd":0,"bm":0,"tt":0,"hasMask":false,"td":0,"ao":0,"ks":{"a":{"a":0,"k":[12.279,15.302,0],"ix":1},"s":{"a":1,"k":[{"o":{"x":1,"y":0},"i":{"x":0.503,"y":2.454},"s":[41,41,100],"t":-125},{"o":{"x":0.165,"y":0.232},"i":{"x":0.409,"y":1},"s":[91.037,91.037,100],"t":0},{"o":{"x":1,"y":0},"i":{"x":0.931,"y":1},"s":[41,41,100],"t":60},{"o":{"x":0.072,"y":0},"i":{"x":0.625,"y":1},"s":[120,120,100],"t":153},{"o":{"x":1,"y":0},"i":{"x":0.503,"y":1.681},"s":[41,41,100],"t":265},{"o":{"x":0.167,"y":0.167},"i":{"x":0.833,"y":0.833},"s":[91.037,91.037,100],"t":320}],"ix":6},"sk":{"a":0,"k":0},"p":{"a":0,"k":[103.688,107.127,0],"ix":2},"sa":{"a":0,"k":0},"o":{"a":0,"k":100,"ix":11},"r":{"a":0,"k":0,"ix":10}},"ef":[],"shapes":[{"ty":"sh","bm":0,"cl":"","ln":"","hd":false,"mn":"ADBE Vector Shape - Group","nm":"Path 1","ix":1,"d":1,"ks":{"a":0,"k":{"c":true,"i":[[0,0],[-0.223,-1.103],[0,0],[-2.569,-1.008],[0,0],[0.874,-0.34],[0,0],[0.724,-3.577],[0,0],[0.221,1.106],[0,0],[2.566,1.009],[0,0],[-0.874,0.341],[0,0],[-0.724,3.581]],"o":[[0.221,-1.103],[0,0],[0.724,3.581],[0,0],[0.874,0.341],[0,0],[-2.569,1.009],[0,0],[-0.223,1.106],[0,0],[-0.724,-3.577],[0,0],[-0.874,-0.34],[0,0],[2.566,-1.008],[0,0]],"v":[[11.266,1.353],[13.291,1.353],[14.104,5.374],[19.401,12.755],[23.434,14.339],[23.434,16.261],[19.401,17.846],[14.104,25.227],[13.291,29.249],[11.266,29.249],[10.451,25.227],[5.157,17.846],[1.124,16.261],[1.124,14.339],[5.157,12.755],[10.451,5.374]]},"ix":2}},{"ty":"fl","bm":0,"cl":"","ln":"","hd":false,"mn":"ADBE Vector Graphic - Fill","nm":"Fill 1","c":{"a":0,"k":[1,1,1],"ix":4},"r":1,"o":{"a":0,"k":100,"ix":5}}],"ind":2},{"ty":4,"nm":"O 3","mn":"","sr":1,"st":0,"op":320,"ip":320,"hd":false,"cl":"","ln":"","ddd":0,"bm":0,"tt":0,"hasMask":false,"td":0,"ao":0,"ks":{"a":{"a":0,"k":[12.279,15.302,0],"ix":1},"s":{"a":1,"k":[{"o":{"x":0.147,"y":0.168},"i":{"x":0.481,"y":1},"s":[100.879,100.879,100],"t":0},{"o":{"x":1,"y":0},"i":{"x":0.931,"y":1},"s":[41,41,100],"t":70},{"o":{"x":0.072,"y":0},"i":{"x":0.466,"y":1},"s":[120,120,100],"t":163},{"o":{"x":1,"y":0},"i":{"x":0.833,"y":1},"s":[41,41,100],"t":232},{"o":{"x":0.167,"y":0.167},"i":{"x":0.833,"y":0.833},"s":[100.879,100.879,100],"t":320}],"ix":6},"sk":{"a":0,"k":0},"p":{"a":0,"k":[43.188,98.127,0],"ix":2},"sa":{"a":0,"k":0},"o":{"a":0,"k":100,"ix":11},"r":{"a":0,"k":0,"ix":10}},"ef":[],"shapes":[{"ty":"sh","bm":0,"cl":"","ln":"","hd":false,"mn":"ADBE Vector Shape - Group","nm":"Path 1","ix":1,"d":1,"ks":{"a":0,"k":{"c":true,"i":[[0,0],[-0.223,-1.103],[0,0],[-2.569,-1.008],[0,0],[0.874,-0.34],[0,0],[0.724,-3.577],[0,0],[0.221,1.106],[0,0],[2.566,1.009],[0,0],[-0.874,0.341],[0,0],[-0.724,3.581]],"o":[[0.221,-1.103],[0,0],[0.724,3.581],[0,0],[0.874,0.341],[0,0],[-2.569,1.009],[0,0],[-0.223,1.106],[0,0],[-0.724,-3.577],[0,0],[-0.874,-0.34],[0,0],[2.566,-1.008],[0,0]],"v":[[11.266,1.353],[13.291,1.353],[14.104,5.374],[19.401,12.755],[23.434,14.339],[23.434,16.261],[19.401,17.846],[14.104,25.227],[13.291,29.249],[11.266,29.249],[10.451,25.227],[5.157,17.846],[1.124,16.261],[1.124,14.339],[5.157,12.755],[10.451,5.374]]},"ix":2}},{"ty":"fl","bm":0,"cl":"","ln":"","hd":false,"mn":"ADBE Vector Graphic - Fill","nm":"Fill 1","c":{"a":0,"k":[1,1,1],"ix":4},"r":1,"o":{"a":0,"k":100,"ix":5}}],"ind":3},{"ty":4,"nm":"O","mn":"","sr":1,"st":0,"op":320,"ip":320,"hd":false,"cl":"","ln":"","ddd":0,"bm":0,"tt":0,"hasMask":false,"td":0,"ao":0,"ks":{"a":{"a":0,"k":[12.279,15.302,0],"ix":1},"s":{"a":1,"k":[{"o":{"x":0.582,"y":0.563},"i":{"x":0.676,"y":1},"s":[97.164,97.164,100],"t":0},{"o":{"x":0.072,"y":0},"i":{"x":0.414,"y":1.084},"s":[120,120,100],"t":7},{"o":{"x":1,"y":0.145},"i":{"x":0.931,"y":1},"s":[41,41,100],"t":99},{"o":{"x":0.072,"y":0},"i":{"x":0.629,"y":1},"s":[120,120,100],"t":192},{"o":{"x":0.697,"y":0},"i":{"x":0.914,"y":0.826},"s":[41,41,100],"t":284},{"o":{"x":0.167,"y":0.167},"i":{"x":0.833,"y":0.833},"s":[97.164,97.164,100],"t":320}],"ix":6},"sk":{"a":0,"k":0},"p":{"a":0,"k":[96.188,41.627,0],"ix":2},"sa":{"a":0,"k":0},"o":{"a":0,"k":100,"ix":11},"r":{"a":0,"k":0,"ix":10}},"ef":[],"shapes":[{"ty":"sh","bm":0,"cl":"","ln":"","hd":false,"mn":"ADBE Vector Shape - Group","nm":"Path 1","ix":1,"d":1,"ks":{"a":0,"k":{"c":true,"i":[[0,0],[-0.223,-1.103],[0,0],[-2.569,-1.008],[0,0],[0.874,-0.34],[0,0],[0.724,-3.577],[0,0],[0.221,1.106],[0,0],[2.566,1.009],[0,0],[-0.874,0.341],[0,0],[-0.724,3.581]],"o":[[0.221,-1.103],[0,0],[0.724,3.581],[0,0],[0.874,0.341],[0,0],[-2.569,1.009],[0,0],[-0.223,1.106],[0,0],[-0.724,-3.577],[0,0],[-0.874,-0.34],[0,0],[2.566,-1.008],[0,0]],"v":[[11.266,1.353],[13.291,1.353],[14.104,5.374],[19.401,12.755],[23.434,14.339],[23.434,16.261],[19.401,17.846],[14.104,25.227],[13.291,29.249],[11.266,29.249],[10.451,25.227],[5.157,17.846],[1.124,16.261],[1.124,14.339],[5.157,12.755],[10.451,5.374]]},"ix":2}},{"ty":"fl","bm":0,"cl":"","ln":"","hd":false,"mn":"ADBE Vector Graphic - Fill","nm":"Fill 1","c":{"a":0,"k":[1,1,1],"ix":4},"r":1,"o":{"a":0,"k":100,"ix":5}}],"ind":4},{"ty":4,"nm":"shine 3","mn":"","sr":1,"st":0,"op":320,"ip":0,"hd":false,"cl":"","ln":"","ddd":0,"bm":0,"tt":0,"hasMask":false,"td":0,"ao":0,"ks":{"a":{"a":0,"k":[7.832,7.833,0],"ix":1},"s":{"a":0,"k":[100,100,100],"ix":6},"sk":{"a":0,"k":0},"p":{"a":0,"k":[49.402,68.232,0],"ix":2},"sa":{"a":0,"k":0},"o":{"a":0,"k":100,"ix":11},"r":{"a":0,"k":0,"ix":10}},"ef":[],"shapes":[{"ty":"sh","bm":0,"cl":"","ln":"","hd":false,"mn":"ADBE Vector Shape - Group","nm":"Path 1","ix":1,"d":1,"ks":{"a":0,"k":{"c":true,"i":[[0,1.841],[1.84,0],[0,-1.84],[-1.841,0]],"o":[[0,-1.84],[-1.841,0],[0,1.841],[1.84,0]],"v":[[11.165,7.833],[7.833,4.5],[4.5,7.833],[7.833,11.166]]},"ix":2}},{"ty":"tm","bm":0,"cl":"","ln":"","hd":false,"mn":"ADBE Vector Filter - Trim","nm":"Trim Paths 1","ix":2,"e":{"a":1,"k":[{"o":{"x":0.242,"y":0.599},"i":{"x":0.56,"y":1},"s":[40.629],"t":0},{"o":{"x":0.167,"y":0},"i":{"x":0.833,"y":1},"s":[43],"t":34},{"o":{"x":0.7,"y":0},"i":{"x":0.667,"y":1},"s":[43],"t":77},{"o":{"x":0.333,"y":0},"i":{"x":0.257,"y":1},"s":[28],"t":127},{"o":{"x":0.167,"y":0},"i":{"x":0.667,"y":1},"s":[43],"t":177},{"o":{"x":0.206,"y":0},"i":{"x":0.045,"y":1},"s":[43],"t":208},{"o":{"x":0.434,"y":0},"i":{"x":0.468,"y":0.665},"s":[28],"t":290},{"o":{"x":0.167,"y":0.167},"i":{"x":0.833,"y":0.833},"s":[40.629],"t":336}],"ix":2},"o":{"a":0,"k":-17,"ix":3},"s":{"a":1,"k":[{"o":{"x":0.242,"y":0.599},"i":{"x":0.56,"y":1},"s":[2.688],"t":0},{"o":{"x":0.167,"y":0},"i":{"x":0.833,"y":1},"s":[0],"t":34},{"o":{"x":0.7,"y":0},"i":{"x":0.667,"y":1},"s":[0],"t":77},{"o":{"x":0.333,"y":0},"i":{"x":0.257,"y":1},"s":[17],"t":127},{"o":{"x":0.167,"y":0},"i":{"x":0.667,"y":1},"s":[0],"t":177},{"o":{"x":0.206,"y":0},"i":{"x":0.045,"y":1},"s":[0],"t":208},{"o":{"x":0.434,"y":0},"i":{"x":0.468,"y":0.665},"s":[17],"t":290},{"o":{"x":0.167,"y":0.167},"i":{"x":0.833,"y":0.833},"s":[2.688],"t":336}],"ix":1},"m":1},{"ty":"st","bm":0,"cl":"","ln":"","hd":false,"mn":"ADBE Vector Graphic - Stroke","nm":"Stroke 1","lc":2,"lj":2,"ml":1,"o":{"a":0,"k":100,"ix":4},"w":{"a":0,"k":1.8,"ix":5},"d":[],"c":{"a":0,"k":[1,1,1],"ix":3}}],"ind":5},{"ty":4,"nm":"shine 2","mn":"","sr":1,"st":0,"op":320,"ip":0,"hd":false,"cl":"","ln":"","ddd":0,"bm":0,"tt":0,"hasMask":false,"td":0,"ao":0,"ks":{"a":{"a":0,"k":[7.832,7.833,0],"ix":1},"s":{"a":0,"k":[100,100,100],"ix":6},"sk":{"a":0,"k":0},"p":{"a":0,"k":[102.964,68.232,0],"ix":2},"sa":{"a":0,"k":0},"o":{"a":0,"k":100,"ix":11},"r":{"a":0,"k":0,"ix":10}},"ef":[],"shapes":[{"ty":"sh","bm":0,"cl":"","ln":"","hd":false,"mn":"ADBE Vector Shape - Group","nm":"Path 1","ix":1,"d":1,"ks":{"a":0,"k":{"c":true,"i":[[0,1.841],[1.84,0],[0,-1.84],[-1.841,0]],"o":[[0,-1.84],[-1.841,0],[0,1.841],[1.84,0]],"v":[[11.165,7.833],[7.833,4.5],[4.5,7.833],[7.833,11.166]]},"ix":2}},{"ty":"tm","bm":0,"cl":"","ln":"","hd":false,"mn":"ADBE Vector Filter - Trim","nm":"Trim Paths 1","ix":2,"e":{"a":1,"k":[{"o":{"x":0.7,"y":0},"i":{"x":0.667,"y":1},"s":[43],"t":27},{"o":{"x":0.333,"y":0},"i":{"x":0.257,"y":1},"s":[28],"t":77},{"o":{"x":0.167,"y":0},"i":{"x":0.667,"y":1},"s":[43],"t":127},{"o":{"x":0.206,"y":0},"i":{"x":0.045,"y":1},"s":[43],"t":158},{"o":{"x":0.333,"y":0},"i":{"x":0.257,"y":1},"s":[28],"t":240},{"o":{"x":0.167,"y":0.167},"i":{"x":0.833,"y":0.833},"s":[43],"t":320}],"ix":2},"o":{"a":0,"k":-17,"ix":3},"s":{"a":1,"k":[{"o":{"x":0.7,"y":0},"i":{"x":0.667,"y":1},"s":[0],"t":27},{"o":{"x":0.333,"y":0},"i":{"x":0.257,"y":1},"s":[17],"t":77},{"o":{"x":0.167,"y":0},"i":{"x":0.667,"y":1},"s":[0],"t":127},{"o":{"x":0.206,"y":0},"i":{"x":0.045,"y":1},"s":[0],"t":158},{"o":{"x":0.333,"y":0},"i":{"x":0.257,"y":1},"s":[17],"t":240},{"o":{"x":0.167,"y":0.167},"i":{"x":0.833,"y":0.833},"s":[0],"t":320}],"ix":1},"m":1},{"ty":"st","bm":0,"cl":"","ln":"","hd":false,"mn":"ADBE Vector Graphic - Stroke","nm":"Stroke 1","lc":2,"lj":2,"ml":1,"o":{"a":0,"k":100,"ix":4},"w":{"a":0,"k":1.8,"ix":5},"d":[],"c":{"a":0,"k":[1,1,1],"ix":3}}],"ind":6},{"ty":4,"nm":"shine","mn":"","sr":1,"st":0,"op":320,"ip":0,"hd":false,"cl":"","ln":"","ddd":0,"bm":0,"tt":0,"hasMask":false,"td":0,"ao":0,"ks":{"a":{"a":0,"k":[7.832,7.833,0],"ix":1},"s":{"a":0,"k":[100,100,100],"ix":6},"sk":{"a":0,"k":0},"p":{"a":0,"k":[76.339,62.857,0],"ix":2},"sa":{"a":0,"k":0},"o":{"a":0,"k":100,"ix":11},"r":{"a":0,"k":0,"ix":10}},"ef":[],"shapes":[{"ty":"sh","bm":0,"cl":"","ln":"","hd":false,"mn":"ADBE Vector Shape - Group","nm":"Path 1","ix":1,"d":1,"ks":{"a":0,"k":{"c":true,"i":[[0,1.841],[1.84,0],[0,-1.84],[-1.841,0]],"o":[[0,-1.84],[-1.841,0],[0,1.841],[1.84,0]],"v":[[11.165,7.833],[7.833,4.5],[4.5,7.833],[7.833,11.166]]},"ix":2}},{"ty":"tm","bm":0,"cl":"","ln":"","hd":false,"mn":"ADBE Vector Filter - Trim","nm":"Trim Paths 1","ix":2,"e":{"a":1,"k":[{"o":{"x":0.7,"y":0},"i":{"x":0.667,"y":1},"s":[43],"t":0},{"o":{"x":0.333,"y":0},"i":{"x":0.257,"y":1},"s":[28],"t":50},{"o":{"x":0.167,"y":0},"i":{"x":0.667,"y":1},"s":[43],"t":100},{"o":{"x":0.206,"y":0},"i":{"x":0.045,"y":1},"s":[43],"t":131},{"o":{"x":0.333,"y":0},"i":{"x":0.257,"y":1},"s":[28],"t":213},{"o":{"x":0.167,"y":0.167},"i":{"x":0.833,"y":0.833},"s":[43],"t":293}],"ix":2},"o":{"a":0,"k":-17,"ix":3},"s":{"a":1,"k":[{"o":{"x":0.7,"y":0},"i":{"x":0.667,"y":1},"s":[0],"t":0},{"o":{"x":0.333,"y":0},"i":{"x":0.257,"y":1},"s":[17],"t":50},{"o":{"x":0.167,"y":0},"i":{"x":0.667,"y":1},"s":[0],"t":100},{"o":{"x":0.206,"y":0},"i":{"x":0.045,"y":1},"s":[0],"t":131},{"o":{"x":0.333,"y":0},"i":{"x":0.257,"y":1},"s":[17],"t":213},{"o":{"x":0.167,"y":0.167},"i":{"x":0.833,"y":0.833},"s":[0],"t":293}],"ix":1},"m":1},{"ty":"st","bm":0,"cl":"","ln":"","hd":false,"mn":"ADBE Vector Graphic - Stroke","nm":"Stroke 1","lc":2,"lj":2,"ml":1,"o":{"a":0,"k":100,"ix":4},"w":{"a":0,"k":1.8,"ix":5},"d":[],"c":{"a":0,"k":[1,1,1],"ix":3}}],"ind":7},{"ty":4,"nm":"shield","mn":"","sr":1,"st":0,"op":320,"ip":0,"hd":false,"cl":"","ln":"","ddd":0,"bm":0,"tt":0,"hasMask":false,"td":0,"ao":0,"ks":{"a":{"a":0,"k":[45.189,50.706,0],"ix":1},"s":{"a":0,"k":[100,100,100],"ix":6},"sk":{"a":0,"k":0},"p":{"a":0,"k":[77.358,76.359,0],"ix":2},"sa":{"a":0,"k":0},"o":{"a":0,"k":100,"ix":11},"r":{"a":0,"k":0,"ix":10}},"ef":[],"shapes":[{"ty":"gr","bm":0,"cl":"","ln":"","hd":false,"mn":"ADBE Vector Group","nm":"Group 1","ix":1,"cix":2,"np":3,"it":[{"ty":"sh","bm":0,"cl":"","ln":"","hd":false,"mn":"ADBE Vector Shape - Group","nm":"Path 1","ix":1,"d":1,"ks":{"a":0,"k":{"c":true,"i":[[2.94,-0.271],[0,0],[0,0],[0,0],[0.654,0],[0,0],[0.112,0.644],[0,0],[0,0],[0,0],[0,0],[0,0],[0,2.763],[-2.95,0],[0,-2.95],[0.178,-0.532],[0,0],[0,0],[0,0],[-1.998,0.897],[0,0.009],[-0.672,0.822],[0,0],[0,1.129],[-2.95,0],[0,-2.95],[0.672,-0.914],[-0.008,-0.009],[0,0],[0,0],[-1.876,-0.047],[-1.167,0.737],[0,0],[0,0],[0,0],[0.045,0.253],[0,0.299],[-1.176,0.98],[-1.251,0.019],[-0.037,0],[-0.252,-2.754]],"o":[[0,0],[0,0],[0,0],[-0.103,0.644],[0,0],[-0.654,0],[0,0],[0,0],[0,0],[0,0],[0,0],[-2.753,-0.243],[0,-2.95],[2.95,0],[0,0.56],[0,0],[0,0],[0,0],[1.951,1.251],[0.009,0],[0.915,-0.411],[0,0],[-0.682,-0.914],[0,-2.95],[2.95,0],[0,1.129],[0,0],[0,0],[0,0],[1.269,1.55],[1.298,0.047],[0,0],[0,0],[0.01,-0.009],[-0.084,-0.242],[-0.047,-0.298],[0,-1.652],[0.897,-0.747],[0.037,-0.009],[2.763,0],[0.261,2.931]],"v":[[26.15,-2.814],[24.086,9.518],[23.526,12.897],[22.995,16.108],[21.677,17.229],[-23.708,17.229],[-25.026,16.108],[-25.221,14.932],[-25.557,12.897],[-26.099,9.621],[-26.117,9.518],[-28.18,-2.814],[-33.053,-8.135],[-27.714,-13.474],[-22.373,-8.135],[-22.635,-6.492],[-20.62,-5.213],[-18.323,-3.748],[-18.303,-3.738],[-11.974,-3.281],[-11.966,-3.29],[-9.557,-5.138],[-5.31,-10.329],[-6.354,-13.474],[-1.016,-18.814],[4.325,-13.474],[3.289,-10.329],[3.297,-10.31],[5.005,-8.228],[7.526,-5.138],[12.51,-2.702],[16.283,-3.738],[19.997,-6.09],[20.594,-6.473],[20.614,-6.492],[20.419,-7.239],[20.343,-8.135],[22.266,-12.242],[25.562,-13.465],[25.682,-13.474],[30.995,-8.611]]},"ix":2}},{"ty":"sh","bm":0,"cl":"","ln":"","hd":false,"mn":"ADBE Vector Shape - Group","nm":"Path 2","ix":2,"d":1,"ks":{"a":0,"k":{"c":true,"i":[[4.039,2.332],[0,0],[4.039,-2.332],[0,0],[0,-4.664],[0,0],[-4.038,-2.332],[0,0],[-4.039,2.332],[0,0],[0,4.663],[0,0]],"o":[[0,0],[-4.039,-2.332],[0,0],[-4.038,2.332],[0,0],[0,4.663],[0,0],[4.039,2.332],[0,0],[4.039,-2.332],[0,0],[0,-4.664]],"v":[[38.414,-29.714],[6.528,-48.124],[-6.527,-48.124],[-38.414,-29.714],[-44.94,-18.409],[-44.94,18.41],[-38.414,29.714],[-6.527,48.124],[6.528,48.124],[38.414,29.714],[44.94,18.41],[44.94,-18.409]]},"ix":2}},{"ty":"gf","bm":0,"cl":"","ln":"","hd":false,"mn":"ADBE Vector Graphic - G-Fill","nm":"Gradient Fill 1","e":{"a":0,"k":[38.65,0],"ix":6},"g":{"p":3,"k":{"a":0,"k":[0,0.6941176470588235,0.6392156862745098,0.5725490196078431,0.5,0.6745098039215687,0.6745098039215687,0.6745098039215687,1,0.8901960784313725,0.8901960784313725,0.8901960784313725],"ix":9}},"t":2,"a":{"a":0,"k":0,"ix":8},"h":{"a":0,"k":0,"ix":7},"s":{"a":0,"k":[0,0],"ix":5},"r":1,"o":{"a":0,"k":100,"ix":10}},{"ty":"tr","a":{"a":0,"k":[0,0],"ix":1},"s":{"a":0,"k":[100,100],"ix":3},"sk":{"a":0,"k":0,"ix":4},"p":{"a":0,"k":[45.189,50.706],"ix":2},"r":{"a":0,"k":0,"ix":6},"sa":{"a":0,"k":0,"ix":5},"o":{"a":0,"k":100,"ix":7}}]}],"ind":8},{"ty":4,"nm":"l1","mn":"","sr":1,"st":0,"op":320,"ip":0,"hd":false,"cl":"","ln":"","ddd":0,"bm":0,"tt":0,"hasMask":false,"td":0,"ao":0,"ks":{"a":{"a":0,"k":[0,0,0],"ix":1},"s":{"a":0,"k":[100,100,100],"ix":6},"sk":{"a":0,"k":0},"p":{"a":0,"k":[75,75,0],"ix":2},"sa":{"a":0,"k":0},"o":{"a":0,"k":100,"ix":11},"r":{"a":0,"k":0,"ix":10}},"ef":[],"shapes":[{"ty":"rc","bm":0,"cl":"","ln":"","hd":false,"mn":"ADBE Vector Shape - Rect","nm":"Rectangle Path 1","d":1,"p":{"a":0,"k":[0,18],"ix":3},"r":{"a":0,"k":0,"ix":4},"s":{"a":0,"k":[62,14],"ix":2}},{"ty":"fl","bm":0,"cl":"","ln":"","hd":false,"mn":"ADBE Vector Graphic - Fill","nm":"Fill 1","c":{"a":0,"k":[0.749,0.749,0.749],"ix":4},"r":1,"o":{"a":0,"k":100,"ix":5}}],"ind":9},{"ty":4,"nm":"lines","mn":"","sr":1,"st":0,"op":320,"ip":0,"hd":false,"cl":"","ln":"","ddd":0,"bm":0,"tt":0,"hasMask":false,"td":0,"ao":0,"ks":{"a":{"a":0,"k":[0,0,0],"ix":1},"s":{"a":0,"k":[100,100,100],"ix":6},"sk":{"a":0,"k":0},"p":{"a":0,"k":[453.25,77.75,0],"ix":2},"sa":{"a":0,"k":0},"o":{"a":0,"k":100,"ix":11},"r":{"a":0,"k":0,"ix":10}},"ef":[],"shapes":[{"ty":"gr","bm":0,"cl":"","ln":"","hd":false,"mn":"ADBE Vector Group","nm":"Group 3","ix":1,"cix":2,"np":2,"it":[{"ty":"sh","bm":0,"cl":"","ln":"","hd":false,"mn":"ADBE Vector Shape - Group","nm":"Path 1","ix":1,"d":1,"ks":{"a":0,"k":{"c":false,"i":[[0,0],[0,0]],"o":[[0,0],[0,0]],"v":[[-350,-18],[-365,23]]},"ix":2}},{"ty":"st","bm":0,"cl":"","ln":"","hd":false,"mn":"ADBE Vector Graphic - Stroke","nm":"Stroke 2","lc":1,"lj":1,"ml":4,"o":{"a":0,"k":100,"ix":4},"w":{"a":1,"k":[{"o":{"x":0.183,"y":0.279},"i":{"x":0.622,"y":1},"s":[2],"t":0},{"o":{"x":0.306,"y":0},"i":{"x":0.8,"y":1},"s":[9],"t":115},{"o":{"x":0.451,"y":0},"i":{"x":0.679,"y":-0.009},"s":[0],"t":257},{"o":{"x":0.167,"y":0.167},"i":{"x":0.833,"y":0.833},"s":[2],"t":320}],"ix":5},"d":[],"c":{"a":0,"k":[1,1,1],"ix":3}},{"ty":"tr","a":{"a":0,"k":[0,0],"ix":1},"s":{"a":0,"k":[100,100],"ix":3},"sk":{"a":0,"k":0,"ix":4},"p":{"a":1,"k":[{"o":{"x":0.456,"y":0.746},"i":{"x":0.521,"y":1},"s":[0,0],"t":0},{"o":{"x":0.73,"y":0},"i":{"x":0.315,"y":1},"s":[11,0],"t":36},{"o":{"x":0.333,"y":0},"i":{"x":0.833,"y":0.749},"s":[-47.457,0],"t":177},{"o":{"x":0.167,"y":0.167},"i":{"x":0.833,"y":0.833},"s":[0,0],"t":320}],"ix":2},"r":{"a":0,"k":0,"ix":6},"sa":{"a":0,"k":0,"ix":5},"o":{"a":0,"k":100,"ix":7}}]},{"ty":"gr","bm":0,"cl":"","ln":"","hd":false,"mn":"ADBE Vector Group","nm":"Group 1","ix":2,"cix":2,"np":2,"it":[{"ty":"sh","bm":0,"cl":"","ln":"","hd":false,"mn":"ADBE Vector Shape - Group","nm":"Path 1","ix":1,"d":1,"ks":{"a":0,"k":{"c":false,"i":[[0,0],[0,0]],"o":[[0,0],[0,0]],"v":[[-390.5,-18],[-405.5,23]]},"ix":2}},{"ty":"st","bm":0,"cl":"","ln":"","hd":false,"mn":"ADBE Vector Graphic - Stroke","nm":"Stroke 2","lc":1,"lj":1,"ml":4,"o":{"a":0,"k":100,"ix":4},"w":{"a":1,"k":[{"o":{"x":0.467,"y":0},"i":{"x":0.632,"y":1},"s":[3],"t":0},{"o":{"x":0.352,"y":0},"i":{"x":0.611,"y":1},"s":[9],"t":67},{"o":{"x":0.432,"y":0},"i":{"x":0.291,"y":1},"s":[3.862],"t":137},{"o":{"x":0.372,"y":0},"i":{"x":0.576,"y":1},"s":[10.565],"t":200},{"o":{"x":0.167,"y":0.167},"i":{"x":0.833,"y":0.833},"s":[3],"t":320}],"ix":5},"d":[],"c":{"a":0,"k":[1,1,1],"ix":3}},{"ty":"tr","a":{"a":0,"k":[0,0],"ix":1},"s":{"a":0,"k":[100,100],"ix":3},"sk":{"a":0,"k":0,"ix":4},"p":{"a":1,"k":[{"o":{"x":0.333,"y":0},"i":{"x":0.667,"y":0.735},"s":[0,0],"t":0},{"o":{"x":0.128,"y":0.336},"i":{"x":0.439,"y":1},"s":[29,0],"t":77.176},{"o":{"x":0.333,"y":0},"i":{"x":0.667,"y":1},"s":[36.553,0],"t":144},{"o":{"x":0.167,"y":0.167},"i":{"x":0.833,"y":0.833},"s":[0,0],"t":320}],"ix":2},"r":{"a":0,"k":0,"ix":6},"sa":{"a":0,"k":0,"ix":5},"o":{"a":0,"k":100,"ix":7}}]},{"ty":"gr","bm":0,"cl":"","ln":"","hd":false,"mn":"ADBE Vector Group","nm":"Group 2","ix":3,"cix":2,"np":2,"it":[{"ty":"sh","bm":0,"cl":"","ln":"","hd":false,"mn":"ADBE Vector Shape - Group","nm":"Path 2","ix":1,"d":1,"ks":{"a":0,"k":{"c":false,"i":[[0,0],[0,0]],"o":[[0,0],[0,0]],"v":[[-363,-18],[-378,23]]},"ix":2}},{"ty":"st","bm":0,"cl":"","ln":"","hd":false,"mn":"ADBE Vector Graphic - Stroke","nm":"Stroke 2","lc":1,"lj":1,"ml":4,"o":{"a":0,"k":100,"ix":4},"w":{"a":1,"k":[{"o":{"x":0.438,"y":0},"i":{"x":0.696,"y":0.693},"s":[10],"t":0},{"o":{"x":0.28,"y":1.344},"i":{"x":0.642,"y":2.016},"s":[6],"t":88},{"o":{"x":0.299,"y":0.192},"i":{"x":0.501,"y":1},"s":[4.931],"t":200},{"o":{"x":0.167,"y":0.167},"i":{"x":0.833,"y":0.833},"s":[10],"t":320}],"ix":5},"d":[],"c":{"a":0,"k":[1,1,1],"ix":3}},{"ty":"tr","a":{"a":0,"k":[0,0],"ix":1},"s":{"a":0,"k":[100,100],"ix":3},"sk":{"a":0,"k":0,"ix":4},"p":{"a":1,"k":[{"o":{"x":0.375,"y":0.239},"i":{"x":0,"y":1},"s":[0,0],"t":0},{"o":{"x":0.335,"y":0},"i":{"x":0.778,"y":1},"s":[-29,0],"t":105.754},{"o":{"x":0.491,"y":0},"i":{"x":0.943,"y":0.887},"s":[8.428,0],"t":223.145},{"o":{"x":0.167,"y":0.167},"i":{"x":0.833,"y":0.833},"s":[0,0],"t":320}],"ix":2},"r":{"a":0,"k":0,"ix":6},"sa":{"a":0,"k":0,"ix":5},"o":{"a":0,"k":100,"ix":7}}]}],"ind":10},{"ty":4,"nm":"l2","mn":"","sr":1,"st":0,"op":320,"ip":0,"hd":false,"cl":"","ln":"","ddd":0,"bm":0,"tt":0,"hasMask":false,"td":0,"ao":0,"ks":{"a":{"a":0,"k":[0,0,0],"ix":1},"s":{"a":0,"k":[100,100,100],"ix":6},"sk":{"a":0,"k":0},"p":{"a":0,"k":[75,75,0],"ix":2},"sa":{"a":0,"k":0},"o":{"a":0,"k":100,"ix":11},"r":{"a":0,"k":0,"ix":10}},"ef":[],"shapes":[{"ty":"rc","bm":0,"cl":"","ln":"","hd":false,"mn":"ADBE Vector Shape - Rect","nm":"Rectangle Path 1","d":1,"p":{"a":0,"k":[0,0],"ix":3},"r":{"a":0,"k":0,"ix":4},"s":{"a":0,"k":[70,40],"ix":2}},{"ty":"fl","bm":0,"cl":"","ln":"","hd":false,"mn":"ADBE Vector Graphic - Fill","nm":"Fill 1","c":{"a":0,"k":[0.9294,0.9294,0.9294],"ix":4},"r":1,"o":{"a":0,"k":100,"ix":5}}],"ind":11}],"ddd":0,"h":150,"w":150,"meta":{"a":"","k":"","d":"","g":"@lottiefiles/toolkit-js 0.17.4","tc":"#ffffff"},"v":"5.2.1","fr":60,"op":320,"ip":0,"assets":[]}